{"sections":{"ccbd9f81-c067-4d58-beb1-ef6821fddc62":{"type":"breadcrumb","settings":{"page_full_width":true,"page_full_width_spacing":false,"use_breadcrumb_title":true,"breadcrumb_image":"shopify:\/\/shop_images\/Rectangle_42308.png","breadcrumb_style":"center","image_overlay_opacity":40,"color_scheme":"background-1","padding_top":50,"padding_bottom":50}},"main":{"type":"main-article","blocks":{"featured_image":{"type":"featured_image","settings":{"image_height":"adapt"}},"title":{"type":"title","settings":{"blog_show_date":true,"blog_show_author":true}},"content":{"type":"content","settings":{}}},"block_order":["featured_image","title","content"],"settings":{"page_full_width":false,"page_full_width_spacing":false,"padding_top":150,"padding_bottom":50,"show_articles":true,"side_show_excerpts":true,"article_title":"Recent posts","limit":3,"show_tags":false,"tags_title":"Tags","sidebar_settings":"no-sidebar","show_social":true,"show_promo":false,"sidebar_title":"","sidebar_link_text":"","sidebar_link":"","show_collection":false,"collection_title":"Recent posts","collection":"","collection_limit":5,"show_menu":true,"menu_title":"Categories","linklist":"main-menu"}}},"order":["ccbd9f81-c067-4d58-beb1-ef6821fddc62","main"]}