{"sections":{"40206b70-8172-4b18-96ab-2648dc91b5d7":{"type":"breadcrumb","settings":{"page_full_width":false,"page_full_width_spacing":false,"use_breadcrumb_title":true,"breadcrumb_style":"center","image_overlay_opacity":40,"color_scheme":"background-1","padding_top":100,"padding_bottom":100}},"main":{"type":"main-blog","settings":{"page_full_width":false,"page_full_width_spacing":false,"custom_class_name":"","layout":"grid","show_image":true,"image_height":"adapt","post_limit":6,"show_date":true,"show_author":true,"show_excerpts":true,"enable_comments":true,"show_articles":true,"side_show_excerpts":true,"article_title":"Recent posts","limit":3,"show_tags":false,"tags_title":"Tags","show_carousel":false,"carousel_title":"Hot Deals","carousel":"shop-3-column","carousel_limit":2,"enable_quick_add":true,"sidebar_settings":"sidebar-right","show_social":true,"show_promo":true,"sidebar_title":"","sidebar_link_text":"","sidebar_link":"#","show_menu":true,"menu_title":"Categories","linklist":"main-menu","show_collection":true,"collection_title":"Product listing","collection":"shop-2-column","collection_limit":2,"padding_top":0,"padding_bottom":0}}},"order":["40206b70-8172-4b18-96ab-2648dc91b5d7","main"]}