{"sections":{"40206b70-8172-4b18-96ab-2648dc91b5d7":{"type":"breadcrumb","settings":{"page_full_width":true,"page_full_width_spacing":false,"use_breadcrumb_title":true,"breadcrumb_image":"shopify:\/\/shop_images\/Rectangle_42320_b2a527a1-502e-411a-983f-279c0e17e006.png","breadcrumb_style":"center","image_overlay_opacity":60,"color_scheme":"background-1","padding_top":50,"padding_bottom":50}},"main":{"type":"main-blog","settings":{"page_full_width":false,"page_full_width_spacing":false,"custom_class_name":"","layout":"grid","show_image":true,"image_height":"adapt","post_limit":6,"show_date":true,"show_author":true,"show_excerpts":true,"enable_comments":true,"show_articles":true,"side_show_excerpts":true,"article_title":"Recent Articles","limit":3,"show_tags":true,"tags_title":"Tags","show_carousel":true,"carousel_title":"New Arrivals","carousel":"yoga-shorts","carousel_limit":5,"enable_quick_add":true,"sidebar_settings":"sidebar-right","show_social":true,"show_promo":true,"sidebar_image":"shopify:\/\/shop_images\/Rectangle_42368.png","sidebar_title":"","sidebar_link_text":"","sidebar_link":"#","show_menu":false,"menu_title":"Categories","linklist":"main-menu","show_collection":false,"collection_title":"Product listing","collection":"shop-2-column","collection_limit":2,"padding_top":150,"padding_bottom":50}}},"order":["40206b70-8172-4b18-96ab-2648dc91b5d7","main"]}