{"sections":{"e73cb67e-4708-4a24-ae19-2f5324b5edd5":{"type":"breadcrumb","settings":{"page_full_width":true,"page_full_width_spacing":false,"use_breadcrumb_title":true,"breadcrumb_image":"shopify:\/\/shop_images\/Rectangle_42320_b2a527a1-502e-411a-983f-279c0e17e006.png","breadcrumb_style":"center","image_overlay_opacity":60,"color_scheme":"accent-1","padding_top":50,"padding_bottom":50}},"banner":{"type":"main-collection-banner","disabled":true,"settings":{"page_full_width":true,"page_full_width_spacing":true,"show_collection_description":true,"show_collection_image":true,"color_scheme":"background-1","padding_top":60,"padding_bottom":60}},"9bfefb05-788d-4b28-84ec-6b700ca43576":{"type":"collection-list","blocks":{"template--18572284952874__9bfefb05-788d-4b28-84ec-6b700ca43576-featured_collection-1":{"type":"featured_collection","settings":{"collection":"accessories"}},"template--18572284952874__9bfefb05-788d-4b28-84ec-6b700ca43576-featured_collection-2":{"type":"featured_collection","settings":{"collection":"leggings"}},"template--18572284952874__9bfefb05-788d-4b28-84ec-6b700ca43576-featured_collection-3":{"type":"featured_collection","settings":{"collection":"jackets"}},"d3c7bf72-7c54-4473-81be-d35aac89a505":{"type":"featured_collection","disabled":true,"settings":{"collection":"shoes"}},"719e996b-ab65-448d-9c2d-fecc02747df6":{"type":"featured_collection","settings":{"collection":"yoga-pants"}}},"block_order":["template--18572284952874__9bfefb05-788d-4b28-84ec-6b700ca43576-featured_collection-1","template--18572284952874__9bfefb05-788d-4b28-84ec-6b700ca43576-featured_collection-2","template--18572284952874__9bfefb05-788d-4b28-84ec-6b700ca43576-featured_collection-3","d3c7bf72-7c54-4473-81be-d35aac89a505","719e996b-ab65-448d-9c2d-fecc02747df6"],"disabled":true,"settings":{"page_full_width":true,"page_full_width_spacing":true,"title":"","heading_size":"h1","sub_heading":"","description":"","button_label":"","button_link":"","button_style_secondary":false,"column_alignment":"center","image_ratio":"portrait","image_style":"default","columns_desktop":4,"color_scheme":"background-1","show_view_all":false,"collection_layout":"overlay","collection_count":false,"collection_description":true,"collection_button":true,"padding_top":150,"padding_bottom":150,"custom_class_name":"product-page-collection-list","swiper_enable":true,"desktop_column":5,"laptop_column":3,"tablet_column":2,"mobile_column":1,"swiper_pagination":true,"swiper_navigation":true,"auto_play":0,"swipe_on_mobile":false,"arrow_on_mobile":false,"columns_mobile":"1"}},"product-grid":{"type":"main-collection-product-grid","settings":{"products_per_page":12,"columns_desktop":4,"collections_custom_cols":true,"page_full_width":true,"page_full_width_spacing":true,"image_ratio":"portrait","show_secondary_image":true,"show_vendor":false,"show_new_tag":true,"show_rating":false,"enable_filtering":true,"filter_type":"vertical","enable_sorting":true,"pagination":"loadmore_btn","columns_mobile":"1","padding_top":150,"padding_bottom":50,"sidebar_settings":"sidebar-left","show_menu":true,"menu_title":"Category","linklist":"category","show_carousel":true,"carousel_title":"Top Selling","carousel":"leggings","carousel_limit":3,"show_image":true,"sidebar_image":"shopify:\/\/shop_images\/Rectangle_62.png","sidebar_title":"Best Sellers","sidebar_button":"Shop Now","sidebar_link":"shopify:\/\/collections\/yoga-tops","show_collection":false,"collection_title":"New Arrival","collection":"flowy-pants","collection_limit":5}}},"order":["e73cb67e-4708-4a24-ae19-2f5324b5edd5","banner","9bfefb05-788d-4b28-84ec-6b700ca43576","product-grid"]}