{"sections":{"d38e4199-0faa-42d7-b7b9-6c88220812eb":{"type":"breadcrumb","settings":{"page_full_width":false,"page_full_width_spacing":false,"use_breadcrumb_title":true,"breadcrumb_style":"center","image_overlay_opacity":40,"color_scheme":"background-1","padding_top":100,"padding_bottom":100}},"banner":{"type":"main-collection-banner","disabled":true,"settings":{"page_full_width":false,"page_full_width_spacing":false,"show_collection_description":false,"show_collection_image":false,"color_scheme":"background-1","padding_top":60,"padding_bottom":60}},"df253b26-7d9b-49b2-8e5f-a61048ecfce4":{"type":"collection-list","blocks":{"template--18572284756266__df253b26-7d9b-49b2-8e5f-a61048ecfce4-featured_collection-1":{"type":"featured_collection","settings":{"collection":"shop-2-column"}},"template--18572284756266__df253b26-7d9b-49b2-8e5f-a61048ecfce4-featured_collection-2":{"type":"featured_collection","settings":{"collection":"shop-3-column"}},"template--18572284756266__df253b26-7d9b-49b2-8e5f-a61048ecfce4-featured_collection-3":{"type":"featured_collection","settings":{"collection":"shop-grid-view"}},"93c18222-4b32-4d42-8bd7-3ea6bc2755e8":{"type":"featured_collection","settings":{"collection":"shop-list-view"}},"b945b86c-b3e8-4570-9fce-d6e4e8161459":{"type":"featured_collection","settings":{"collection":"shop-load-more"}}},"block_order":["template--18572284756266__df253b26-7d9b-49b2-8e5f-a61048ecfce4-featured_collection-1","template--18572284756266__df253b26-7d9b-49b2-8e5f-a61048ecfce4-featured_collection-2","template--18572284756266__df253b26-7d9b-49b2-8e5f-a61048ecfce4-featured_collection-3","93c18222-4b32-4d42-8bd7-3ea6bc2755e8","b945b86c-b3e8-4570-9fce-d6e4e8161459"],"settings":{"page_full_width":false,"page_full_width_spacing":false,"title":"","heading_size":"h1","sub_heading":"","description":"","button_label":"","button_link":"","button_style_secondary":false,"column_alignment":"center","image_ratio":"square","image_style":"default","columns_desktop":3,"color_scheme":"background-1","show_view_all":false,"collection_layout":"overlay","collection_count":false,"padding_top":0,"padding_bottom":100,"custom_class_name":"product-page-collection-list","swiper_enable":true,"desktop_column":5,"laptop_column":4,"tablet_column":3,"mobile_column":1,"swiper_pagination":false,"swiper_navigation":true,"auto_play":0,"swipe_on_mobile":false,"arrow_on_mobile":false,"columns_mobile":"1"}},"product-grid":{"type":"main-collection-product-grid","settings":{"products_per_page":16,"columns_desktop":5,"collections_custom_cols":true,"page_full_width":false,"page_full_width_spacing":false,"image_ratio":"portrait","show_secondary_image":false,"show_vendor":false,"show_new_tag":false,"show_rating":true,"enable_filtering":true,"filter_type":"vertical","enable_sorting":true,"pagination":"loadmore_btn","columns_mobile":"1","padding_top":0,"padding_bottom":0,"sidebar_settings":"no-sidebar","show_menu":true,"menu_title":"Custom Menu","linklist":"main-menu","show_carousel":true,"carousel_title":"Best Seller","carousel":"dummy-collection1","carousel_limit":3,"show_image":true,"sidebar_title":"Best Sellers","sidebar_button":"Shop Now","sidebar_link":"shopify:\/\/collections\/3-layer-cherry-cakes","show_collection":true,"collection_title":"heading","collection":"dummy-collection1","collection_limit":5}}},"order":["d38e4199-0faa-42d7-b7b9-6c88220812eb","banner","df253b26-7d9b-49b2-8e5f-a61048ecfce4","product-grid"]}