{"sections":{"7691dd65-907e-479e-8b75-4946957286fa":{"type":"breadcrumb","settings":{"page_full_width":false,"page_full_width_spacing":false,"use_breadcrumb_title":true,"breadcrumb_style":"center","image_overlay_opacity":40,"color_scheme":"background-1","padding_top":100,"padding_bottom":100}},"banner":{"type":"main-collection-banner","disabled":true,"settings":{"page_full_width":false,"page_full_width_spacing":false,"show_collection_description":true,"show_collection_image":false,"color_scheme":"background-1","padding_top":60,"padding_bottom":60}},"product-grid":{"type":"main-collection-product-grid","settings":{"products_per_page":12,"columns_desktop":6,"collections_custom_cols":true,"page_full_width":true,"page_full_width_spacing":true,"image_ratio":"portrait","show_secondary_image":false,"show_vendor":false,"show_new_tag":false,"show_rating":true,"enable_filtering":true,"filter_type":"vertical","enable_sorting":true,"pagination":"loadmore_btn","columns_mobile":"1","padding_top":0,"padding_bottom":0,"sidebar_settings":"no-sidebar","show_menu":true,"menu_title":"Custom Menu","linklist":"main-menu","show_carousel":true,"carousel_title":"Best Seller","carousel":"dummy-collection1","carousel_limit":3,"show_image":true,"sidebar_title":"Best Sellers","sidebar_button":"Shop Now","sidebar_link":"shopify:\/\/collections\/3-layer-cherry-cakes","show_collection":true,"collection_title":"heading","collection":"dummy-collection1","collection_limit":5}}},"order":["7691dd65-907e-479e-8b75-4946957286fa","banner","product-grid"]}