{"sections":{"5a6167b9-7e65-4f28-bb95-335bbeadc0bc":{"type":"breadcrumb","settings":{"page_full_width":true,"page_full_width_spacing":false,"use_breadcrumb_title":true,"breadcrumb_image":"shopify:\/\/shop_images\/Rectangle_42320_b2a527a1-502e-411a-983f-279c0e17e006.png","breadcrumb_style":"center","image_overlay_opacity":60,"color_scheme":"accent-1","padding_top":50,"padding_bottom":50}},"main":{"type":"main-list-collections","settings":{"title":"","page_full_width":true,"page_full_width_spacing":true,"sort":"alphabetical","collection_layout":"overlay","collection_button_label":"shop","collection_count":false,"collection_button":true,"image_ratio":"adapt","columns_desktop":4,"padding_top":150,"padding_bottom":50}},"collection_list_fDFXL8":{"type":"collection-list","blocks":{"featured_collection_HewwNy":{"type":"featured_collection","settings":{"collection":"fit-wear"}},"featured_collection_6K8zhJ":{"type":"featured_collection","settings":{"collection":"yoga-pants"}},"featured_collection_ATtr7F":{"type":"featured_collection","settings":{"collection":""}},"featured_collection_TxMDCD":{"type":"featured_collection","disabled":true,"settings":{"collection":"yoga-shorts"}},"featured_collection_Tega6r":{"type":"featured_collection","settings":{"collection":""}}},"block_order":["featured_collection_HewwNy","featured_collection_6K8zhJ","featured_collection_ATtr7F","featured_collection_TxMDCD","featured_collection_Tega6r"],"disabled":true,"settings":{"page_full_width":false,"page_full_width_spacing":false,"title":"","heading_size":"h1","sub_heading":"Sub Heading","description":"Use this text to share the information which you like!.","button_label":"Button label","button_link":"","button_style_secondary":false,"column_alignment":"center","image_ratio":"square","image_style":"default","columns_desktop":3,"color_scheme":"background-1","show_view_all":false,"collection_layout":"defalut","collection_count":true,"collection_description":true,"collection_button":false,"padding_top":35,"padding_bottom":35,"custom_class_name":"","swiper_enable":false,"desktop_column":4,"laptop_column":4,"tablet_column":3,"mobile_column":1,"swiper_pagination":false,"swiper_navigation":false,"auto_play":0,"swipe_on_mobile":false,"arrow_on_mobile":false,"columns_mobile":"1"}}},"order":["5a6167b9-7e65-4f28-bb95-335bbeadc0bc","main","collection_list_fDFXL8"]}