{"sections":{"20c2390c-0520-44bb-b54d-c38692a00aaa":{"type":"breadcrumb","settings":{"page_full_width":true,"page_full_width_spacing":false,"use_breadcrumb_title":true,"breadcrumb_image":"shopify:\/\/shop_images\/Rectangle_42320_b2a527a1-502e-411a-983f-279c0e17e006.png","breadcrumb_style":"center","image_overlay_opacity":60,"color_scheme":"background-1","padding_top":50,"padding_bottom":50}},"main":{"type":"main-page","settings":{"page_full_width":false,"page_full_width_spacing":false,"padding_top":0,"padding_bottom":0}},"0b8c12a8-0a65-4c8c-b88c-2a212202886f":{"type":"form-image","settings":{"page_full_width":true,"page_full_width_spacing":true,"title":"Get in Touch With Us To Learn More","sub_heading":"","description":"Tell us More about Yourself!","button_label":"","button_link":"","button_style_secondary":false,"column_alignment":"left","color_scheme":"background-1","custom_liquid":"<iframe src=\"https:\/\/www.google.com\/maps\/embed?pb=!1m18!1m12!1m3!1d3087.537117389423!2d-76.61681772348044!3d39.29874682292235!2m3!1f0!2f0!3f0!3m2!1i1024!2i768!4f13.1!3m3!1m2!1s0x89c8049765e14a59%3A0xdc8161350711f86e!2sSciTechSyndicate!5e0!3m2!1sen!2sin!4v1701431829014!5m2!1sen!2sin\" width=\"100%\" height=\"820px\" style=\"border:0;\" allowfullscreen=\"\" loading=\"lazy\" referrerpolicy=\"no-referrer-when-downgrade\"><\/iframe>","address_heading":"","address_desc":"","collapsible_address":"No: 58 A, East Madison Street,\nBaltimore, MD, USA 4508","collapsible_contact_no":"+000-123-456789","collapsible_contact_no2":"+00-123-456-789","collapsible_contact_id":"info@example.com","collapsible_contact_id2":"support@example.com","block_alignments":"map-with-form","padding_top":150,"padding_bottom":150}},"3d0e5c1c-a3a6-45dd-a134-e80844fb33cd":{"type":"instagram-gallery","blocks":{"template--15190569320559__3d0e5c1c-a3a6-45dd-a134-e80844fb33cd-text-1":{"type":"text","settings":{"block_image":"shopify:\/\/shop_images\/Rectangle_54_76f73995-ea64-42ef-a9fb-ff3889e2be9d.png","show_content":false,"icon_class":true,"block_sub_title":"Sub title","block_description":"Short description","block_button_link":"https:\/\/www.instagram.com\/"}},"template--15190569320559__3d0e5c1c-a3a6-45dd-a134-e80844fb33cd-text-3":{"type":"text","settings":{"block_image":"shopify:\/\/shop_images\/Rectangle_42321_1.png","show_content":false,"icon_class":true,"block_sub_title":"Sub title","block_description":"Short description","block_button_link":"https:\/\/www.instagram.com\/"}},"template--15190569320559__3d0e5c1c-a3a6-45dd-a134-e80844fb33cd-text-4":{"type":"text","settings":{"block_image":"shopify:\/\/shop_images\/Rectangle_42322.png","show_content":false,"icon_class":true,"block_sub_title":"Sub title","block_description":"Short description","block_button_link":"https:\/\/www.instagram.com\/"}},"03a22cce-e1f1-47e3-aca4-31e24af0bff1":{"type":"text","settings":{"block_image":"shopify:\/\/shop_images\/Rectangle_42323.png","show_content":false,"icon_class":true,"block_sub_title":"Sub title","block_description":"Short description","block_button_link":"https:\/\/www.instagram.com\/"}},"template--15190569320559__3d0e5c1c-a3a6-45dd-a134-e80844fb33cd-text-2":{"type":"text","settings":{"block_image":"shopify:\/\/shop_images\/Rectangle_42324.png","show_content":false,"icon_class":true,"block_sub_title":"Sub title","block_description":"Short description","block_button_link":"https:\/\/www.instagram.com\/"}}},"block_order":["template--15190569320559__3d0e5c1c-a3a6-45dd-a134-e80844fb33cd-text-1","template--15190569320559__3d0e5c1c-a3a6-45dd-a134-e80844fb33cd-text-3","template--15190569320559__3d0e5c1c-a3a6-45dd-a134-e80844fb33cd-text-4","03a22cce-e1f1-47e3-aca4-31e24af0bff1","template--15190569320559__3d0e5c1c-a3a6-45dd-a134-e80844fb33cd-text-2"],"settings":{"page_full_width":true,"page_full_width_spacing":false,"title":"","heading_size":"h1","sub_heading":"","description":"","column_alignment":"center","button_label":"","button_link":"","color_scheme":"background-1","overlay_height":400,"overlay_height_laptop":300,"overlay_height_tab":300,"overlay_height_mobile":300,"desktop_content_alignment":"center","padding_top":0,"padding_bottom":0,"swiper_enable":true,"desktop_column":5,"laptop_column":4,"tablet_column":3,"mobile_column":1,"centered_slide":false,"swiper_pagination":false,"swiper_navigation":false,"auto_play":1,"swipe_on_mobile":false,"arrow_on_mobile":false,"columns_mobile":"1","custom_class_name":""}}},"order":["20c2390c-0520-44bb-b54d-c38692a00aaa","main","0b8c12a8-0a65-4c8c-b88c-2a212202886f","3d0e5c1c-a3a6-45dd-a134-e80844fb33cd"]}