{"sections":{"main":{"type":"main-page","disabled":true,"settings":{"page_full_width":false,"page_full_width_spacing":false,"padding_top":100,"padding_bottom":40}},"1663905094553d81ae":{"type":"multicolumn","blocks":{"7e5031a1-d654-4245-b88b-2e0c550b2960":{"type":"column","settings":{"image":"shopify:\/\/shop_images\/abstract-background-of-four-colored-triangles.jpg","title":"Heading","text":"<p>Few lines of short description<\/p>","link_label":"Shopnow","link":"shopify:\/\/collections","icon_class":false}},"dab11e19-feb8-445e-8a20-f52c6c57989f":{"type":"column","settings":{"image":"shopify:\/\/shop_images\/abstract-background-of-four-colored-triangles.jpg","title":"Heading","text":"<p>Few lines of short description<\/p>","link_label":"Shopnow","link":"shopify:\/\/collections","icon_class":false}},"41b71d66-2515-4970-bd57-e7d2a61a6baa":{"type":"column","settings":{"image":"shopify:\/\/shop_images\/abstract-background-of-four-colored-triangles.jpg","title":"Heading","text":"<p>Few lines of short description<\/p>","link_label":"Shopnow","link":"shopify:\/\/collections","icon_class":false}}},"block_order":["7e5031a1-d654-4245-b88b-2e0c550b2960","dab11e19-feb8-445e-8a20-f52c6c57989f","41b71d66-2515-4970-bd57-e7d2a61a6baa"],"settings":{"page_full_width":false,"page_full_width_spacing":false,"title":"Multicolumn","heading_size":"h1","sub_heading":"Sub heading","description":"Short description","button_label":"Shopnow","button_link":"shopify:\/\/collections","button_style_secondary":false,"image_width":"full","image_ratio":"adapt","columns_desktop":3,"column_alignment":"center","background_style":"none","color_scheme":"inverse","enable_overlay":true,"padding_top":0,"padding_bottom":0,"custom_class_name":"multicolumn-overlay","swiper_enable":false,"desktop_column":4,"laptop_column":4,"tablet_column":3,"mobile_column":1,"centered_slide":false,"swiper_pagination":false,"swiper_navigation":false,"auto_play":0,"swipe_on_mobile":false,"arrow_on_mobile":false,"columns_mobile":"1"}},"24b5a017-52ce-4baf-be51-c3ebb70b966f":{"type":"rich-text","blocks":{"template--19565119045930__24b5a017-52ce-4baf-be51-c3ebb70b966f-16868087692b3a097f-0":{"type":"heading","settings":{"heading":"Talk about your brand","heading_size":"h1"}},"template--19565119045930__24b5a017-52ce-4baf-be51-c3ebb70b966f-16868087692b3a097f-1":{"type":"text","settings":{"text":"<p>Share information about your brand with your customers. Describe a product, make announcements, or welcome customers to your store.<\/p>"}},"template--19565119045930__24b5a017-52ce-4baf-be51-c3ebb70b966f-16868087692b3a097f-2":{"type":"button","settings":{"button_label":"Button label","button_link":"","button_style_secondary":false}}},"block_order":["template--19565119045930__24b5a017-52ce-4baf-be51-c3ebb70b966f-16868087692b3a097f-0","template--19565119045930__24b5a017-52ce-4baf-be51-c3ebb70b966f-16868087692b3a097f-1","template--19565119045930__24b5a017-52ce-4baf-be51-c3ebb70b966f-16868087692b3a097f-2"],"settings":{"color_scheme":"background-1","padding_top":0,"padding_bottom":0}},"fecc6aef-8d0b-4eb4-8daa-60441fb87485":{"type":"deal-banner","settings":{"page_full_width":false,"page_full_width_spacing":false,"image":"shopify:\/\/shop_images\/abstract-background-of-four-colored-triangles.jpg","image_height":"medium","desktop_content_position":"middle-center","show_text_box":true,"desktop_content_alignment":"center","color_scheme":"background-1","heading":"Deal banner","sub-heading":"Deal banner","text":"Give customers details about the banner image(s) or content on the template.","deal_end_date":"25 JAN 2025","button_label_1":"Button label","button_link_1":"","button_style_secondary_1":false,"button_label_2":"Button label","button_link_2":"","button_style_secondary_2":false,"enable_two_column_section":false,"padding_top":0,"padding_bottom":0,"custom_class_name":""}},"dd030a6a-119a-43f1-8f41-9873c8e104ac":{"type":"hotspot-with-product","blocks":{"9337bd35-ce4a-43c6-92e0-41e77ec5760a":{"type":"product","settings":{"product":"blue-t-shirt-pant","top_position":40,"left_position":40,"text_position":"on-right"}},"b151c3fb-d229-47ca-8466-ef8f3aaaca43":{"type":"product","settings":{"product":"bi-fold-wallet","top_position":40,"left_position":23,"text_position":"on-right"}}},"block_order":["9337bd35-ce4a-43c6-92e0-41e77ec5760a","b151c3fb-d229-47ca-8466-ef8f3aaaca43"],"settings":{"page_full_width":false,"page_full_width_spacing":false,"color_scheme":"background-1","image_position":"second","add-to-cart-text":"","title":"Hotspot with Product","heading_size":"h1","sub_heading":"Sub heading","description":"Short description goes here...","button_label":"Button label","button_link":"shopify:\/\/collections","button_style_secondary":false,"column_alignment":"left","spot_image":"shopify:\/\/shop_images\/abstract-background-of-four-colored-triangles.jpg","hotspot_tooltip_style":"style-1","hotspot_style":"style-1","icon_format":"icon","hotspot_size":36,"hotspot_outer_size":2,"hotspot_content_size":300,"hotspot_content_size_laptop":300,"hotspot_content_size_tablet":275,"custom_class_name":"","padding_top":0,"padding_bottom":0}},"63fd1ec2-f9d0-42cb-9440-bfcb954285b6":{"type":"marquee-section","blocks":{"73261133-3557-4538-9520-b8a22b944b28":{"type":"image","settings":{"block_heading":"Main Heading","block_img":"shopify:\/\/shop_images\/logo_850fa8de-a01c-4fe1-93f4-d025dd0221f4.png","link":""}},"a504811e-56f0-4f09-b9bc-4413945ebfff":{"type":"image","settings":{"block_heading":"Main Heading","block_img":"shopify:\/\/shop_images\/logo_850fa8de-a01c-4fe1-93f4-d025dd0221f4.png","link":""}},"642ccda3-117e-4ddb-8299-04ce9f995255":{"type":"image","settings":{"block_heading":"Main Heading","block_img":"shopify:\/\/shop_images\/logo_850fa8de-a01c-4fe1-93f4-d025dd0221f4.png","link":""}},"46c968df-302d-4af6-bcf9-172f9570bfcf":{"type":"image","settings":{"block_heading":"Main Heading","block_img":"shopify:\/\/shop_images\/logo_850fa8de-a01c-4fe1-93f4-d025dd0221f4.png","link":""}},"fbddb719-3d3e-4317-9cb2-52407c2d9c35":{"type":"image","settings":{"block_heading":"Main Heading","block_img":"shopify:\/\/shop_images\/logo_850fa8de-a01c-4fe1-93f4-d025dd0221f4.png","link":""}},"28cd8651-b5a1-4516-b81d-6d53ddbbb0cd":{"type":"image","settings":{"block_heading":"Main Heading","block_img":"shopify:\/\/shop_images\/logo_850fa8de-a01c-4fe1-93f4-d025dd0221f4.png","link":""}}},"block_order":["73261133-3557-4538-9520-b8a22b944b28","a504811e-56f0-4f09-b9bc-4413945ebfff","642ccda3-117e-4ddb-8299-04ce9f995255","46c968df-302d-4af6-bcf9-172f9570bfcf","fbddb719-3d3e-4317-9cb2-52407c2d9c35","28cd8651-b5a1-4516-b81d-6d53ddbbb0cd"],"settings":{"page_full_width":false,"page_full_width_spacing":false,"color_scheme":"background-1","title":"Marquee Section","heading_size":"h1","sub_heading":"Sub heading","description":"Short description","button_label":"Button label","button_link":"shopify:\/\/collections","button_style_secondary":false,"column_alignment":"center","speed":"2","enable_reverse_animation":false,"layout_style":"style_1","padding_top":0,"padding_bottom":0,"custom_class_name":""}},"77eaeaa3-efa6-4e2b-99bc-ac288a32200c":{"type":"masonry-banner","blocks":{"205d1384-a9a8-4319-93dd-a7aaa42fc7e3":{"type":"text","settings":{"block_image":"shopify:\/\/shop_images\/abstract-background-of-four-colored-triangles.jpg","show_image":true,"show_content":true,"block_title":"Title","block_sub_title":"Sub title","block_description":"Short description","block_button_text":"Shopnow","block_button_link":"shopify:\/\/collections","block_text_align":"left","block_position":"center"}},"39f6b387-5936-4823-8c04-0ab0938f5527":{"type":"text","settings":{"block_image":"shopify:\/\/shop_images\/abstract-background-of-four-colored-triangles.jpg","show_image":true,"show_content":true,"block_title":"Title","block_sub_title":"Sub title","block_description":"Short description","block_button_text":"Shopnow","block_button_link":"shopify:\/\/collections","block_text_align":"left","block_position":"center"}},"12efb281-0125-47c0-ae77-f547c1295064":{"type":"text","settings":{"block_image":"shopify:\/\/shop_images\/abstract-background-of-four-colored-triangles.jpg","show_image":true,"show_content":true,"block_title":"Title","block_sub_title":"Sub title","block_description":"Short description","block_button_text":"Shopnow","block_button_link":"shopify:\/\/collections","block_text_align":"left","block_position":"center"}},"798d3c18-5229-4d97-99e3-8fa4c7380e98":{"type":"text","settings":{"block_image":"shopify:\/\/shop_images\/abstract-background-of-four-colored-triangles.jpg","show_image":true,"show_content":true,"block_title":"Title","block_sub_title":"Sub title","block_description":"Short description","block_button_text":"Shopnow","block_button_link":"shopify:\/\/collections","block_text_align":"left","block_position":"center"}},"9de69879-ef48-480c-91a6-681743e243d4":{"type":"text","settings":{"block_image":"shopify:\/\/shop_images\/abstract-background-of-four-colored-triangles.jpg","show_image":true,"show_content":true,"block_title":"Title","block_sub_title":"Sub title","block_description":"Short description","block_button_text":"Shopnow","block_button_link":"shopify:\/\/collections","block_text_align":"left","block_position":"center"}}},"block_order":["205d1384-a9a8-4319-93dd-a7aaa42fc7e3","39f6b387-5936-4823-8c04-0ab0938f5527","12efb281-0125-47c0-ae77-f547c1295064","798d3c18-5229-4d97-99e3-8fa4c7380e98","9de69879-ef48-480c-91a6-681743e243d4"],"settings":{"page_full_width":false,"page_full_width_spacing":false,"color_scheme":"background-1","title":"Masonry Banner","heading_size":"h1","sub_heading":"Sub heading","description":"Section description","button_label":"Button label","button_link":"shopify:\/\/collections","button_style_secondary":false,"column_alignment":"center","primary_image":"shopify:\/\/shop_images\/woman-stretches-in-yoga-flow.jpg","primary_title":"Title","primary_sub_title":"Sub title","primary_description":"Short description","primary_button_text":"Shopnow","primary_button_link":"shopify:\/\/collections","primary_text_align":"left","primary_position":"center","main_banner_style":"overlay_style","additional_banner_style":"overlay_style","content_width":"65\/35","lap_content_width":"40\/60","content_color_scheme":"background-1","block_style":"style-2","padding_top":0,"padding_bottom":0,"overlay_style_height":420,"overlay_style_height_laptop":420,"overlay_style_height_tab":420,"overlay_style_height_mobile":420,"custom_class_name":""}},"6c28f0d6-2f41-43c6-af2a-cef46c111751":{"type":"home-slider-width-tabs","blocks":{"a9945277-83e4-495a-97da-be1567eaf38d":{"type":"slider_tab","settings":{"image":"shopify:\/\/shop_images\/abstract-background-of-four-colored-triangles.jpg","show_image":true,"show_content":true,"content_position":"center","text_alignment":"left","tab":"Tab 1","main_title":"Main Heading","main_title_size":"50","sub_title":"Sub Heading","sub_title_size":"30","text":"Description","text_size":"16","link_text":"Shop Now","link":""}},"39ac5234-0217-4a1f-bfe9-25c37d927bd0":{"type":"slider_tab","settings":{"image":"shopify:\/\/shop_images\/abstract-background-of-four-colored-triangles.jpg","show_image":true,"show_content":true,"content_position":"center","text_alignment":"left","tab":"Tab 2","main_title":"Main Heading","main_title_size":"50","sub_title":"Sub Heading","sub_title_size":"30","text":"Description","text_size":"16","link_text":"Shop Now","link":""}}},"block_order":["a9945277-83e4-495a-97da-be1567eaf38d","39ac5234-0217-4a1f-bfe9-25c37d927bd0"],"settings":{"page_full_width":false,"page_full_width_spacing":false,"title":"Slider with tab","heading_size":"h1","sub_heading":"Sub heading","description":"Short description","button_label":"Button label","button_link":"shopify:\/\/collections","button_style_secondary":false,"column_alignment":"center","color_scheme":"background-1","slider_progress_title_color":"","slider_progress_bar_color":"","slider_progress_bar_bg_color":"","disable_arrows":true,"enable_two_column_block":false,"slider_height":850,"slider_height_lap":700,"slider_height_tab":600,"slider_height_mobile":350,"custom_class_name":""}},"9ca5a440-3d3e-4239-a57e-f7df2ed6c875":{"type":"newsletter","blocks":{"template--19565119045930__9ca5a440-3d3e-4239-a57e-f7df2ed6c875-16868087871c9ab27f-0":{"type":"heading","settings":{"heading":"Subscribe to our emails","heading_size":"h1"}},"template--19565119045930__9ca5a440-3d3e-4239-a57e-f7df2ed6c875-16868087871c9ab27f-1":{"type":"paragraph","settings":{"text":"<p>Be the first to know about new collections and exclusive offers.<\/p>"}},"template--19565119045930__9ca5a440-3d3e-4239-a57e-f7df2ed6c875-16868087871c9ab27f-2":{"type":"email_form","settings":{}}},"block_order":["template--19565119045930__9ca5a440-3d3e-4239-a57e-f7df2ed6c875-16868087871c9ab27f-0","template--19565119045930__9ca5a440-3d3e-4239-a57e-f7df2ed6c875-16868087871c9ab27f-1","template--19565119045930__9ca5a440-3d3e-4239-a57e-f7df2ed6c875-16868087871c9ab27f-2"],"settings":{"color_scheme":"background-2","padding_top":0,"padding_bottom":0,"custom_class_name":""}},"92dd2261-7f6a-4d4f-ab88-5f96220dcd27":{"type":"contact-form","settings":{"page_full_width":false,"page_full_width_spacing":false,"heading_size":"h1","color_scheme":"background-1","padding_top":0,"padding_bottom":0}},"8eb5c98e-cd50-4173-ab06-faa6e91bbf52":{"type":"contact-section","settings":{"page_full_width":false,"page_full_width_spacing":false,"title":"Contact Section","heading_size":"h1","sub_heading":"Sub heading","description":"Few lines of short description","button_label":"Button label","button_link":"shopify:\/\/pages\/contact","button_style_secondary":false,"column_alignment":"center","contact-heading_phone":"Get in touch with us","contact_phone_no":"+91 0987654321","contact-heading_address":"Where we are located","contact_address":"No.20\/1, Kurinji Nagar, Goldwins, Coimbatore, Tamil Nadu 641014","contact-heading_social":"Share with us","show_social_icons":true,"padding_top":0,"padding_bottom":0,"custom_class_name":""}},"bdf6d98c-efe6-43fb-9ceb-94253918201a":{"type":"form-image","settings":{"page_full_width":false,"page_full_width_spacing":false,"description":"Description","color_scheme":"background-1","phone_image":"shopify:\/\/shop_images\/contact-customer-service.jpg","padding_top":0,"padding_bottom":0}}},"order":["main","1663905094553d81ae","24b5a017-52ce-4baf-be51-c3ebb70b966f","fecc6aef-8d0b-4eb4-8daa-60441fb87485","dd030a6a-119a-43f1-8f41-9873c8e104ac","63fd1ec2-f9d0-42cb-9440-bfcb954285b6","77eaeaa3-efa6-4e2b-99bc-ac288a32200c","6c28f0d6-2f41-43c6-af2a-cef46c111751","9ca5a440-3d3e-4239-a57e-f7df2ed6c875","92dd2261-7f6a-4d4f-ab88-5f96220dcd27","8eb5c98e-cd50-4173-ab06-faa6e91bbf52","bdf6d98c-efe6-43fb-9ceb-94253918201a"]}