{"sections":{"2246be81-f016-4af3-a46e-0b3d46f7e978":{"type":"breadcrumb","settings":{"page_full_width":true,"page_full_width_spacing":true,"use_breadcrumb_title":true,"breadcrumb_image":"shopify:\/\/shop_images\/Rectangle_42320_b2a527a1-502e-411a-983f-279c0e17e006.png","breadcrumb_style":"center","image_overlay_opacity":60,"color_scheme":"background-1","padding_top":50,"padding_bottom":50}},"main":{"type":"main-product","blocks":{"5bd39864-5b2d-4ea2-8f73-5f50abdc2a17":{"type":"breadcrumb","disabled":true,"settings":{"breadcrumb_position":"right"}},"title":{"type":"title","settings":{}},"judge_me_reviews_preview_badge_6qaDcb":{"type":"shopify:\/\/apps\/judge-me-reviews\/blocks\/preview_badge\/61ccd3b1-a9f2-4160-9fe9-4fec8413e5d8","settings":{}},"bcddc1ff-b68c-4e0b-992f-5cee1c432000":{"type":"fake_sales","disabled":true,"settings":{"minqty":20,"maxqty":30,"item_sold":"Items","products":"sold in last","hours":"hours"}},"caption":{"type":"text","settings":{"text":"Nunc vehicula quam semper odio varius tincidunt. Vestibulum ante ipsum primis in faucibus orci luctus et ultrices posue.","text_style":"body"}},"price":{"type":"price","settings":{}},"ff6ad440-5f23-4eda-b2dc-a0b3e665311b":{"type":"sku","settings":{}},"ac8dc943-c308-423f-90c3-adea0b3a487e":{"type":"vendor","settings":{}},"7fc556c7-f815-4fd8-b219-f78a53af198f":{"type":"type","settings":{}},"4c6c3629-d7b7-42eb-bd05-e2189e5f2c29":{"type":"deal","settings":{}},"52794bcc-295b-4f22-af16-704f37c9ded7":{"type":"inventory","disabled":true,"settings":{"text_style":"body","inventory_threshold":10,"show_inventory_quantity":true}},"variant_picker":{"type":"variant_picker","settings":{"picker_type":"button","picker_method":"custom_color"}},"381e9805-2b9d-4e45-99ce-2a5f748ed6af":{"type":"size-popup","settings":{"text":"Size Guide","page":"size-chart"}},"f2453734-fb3d-479b-bbfd-0f710967559f":{"type":"sub_total","disabled":true,"settings":{}},"68863399-17f6-4e5b-8b56-6ef125ef3168":{"type":"Html_c","settings":{"html":"<p class=\"delivery\"><span>Estimated delivery:<\/span> 5-7 Days from order date.<\/p>"}},"23fc8ca2-22ab-4803-9f12-37a2242738b7":{"type":"Html_c","settings":{"html":"<p class=\"shipping\"><span>Free Shipping &amp; Returns:<\/span> On orders above $79<\/p>"}},"97cd7923-6244-47f8-9e3e-fff6bc433af4":{"type":"badge","disabled":true,"settings":{"badge_label":"100% Secured Payment"}},"description":{"type":"description","settings":{}},"collapsible-row-1":{"type":"collapsible_tab","settings":{"heading":"Shipping Information","icon":"truck","content":"","page":"shipping-information"}},"fba18659-f515-470a-ad98-83721b6d8b37":{"type":"buy_buttons","settings":{"show_dynamic_checkout":true,"show_gift_card_recipient":true}},"006ee37f-0339-457e-9213-3cb0370a9dbd":{"type":"product","settings":{"product":"g1"}},"5937dc9c-2e5b-44fc-9ff5-65c78e99c637":{"type":"product","settings":{"product":"g2"}},"d2a11c76-c4dc-4761-829b-b40ee5dca77a":{"type":"product","settings":{"product":"g3"}},"02ccba60-056d-4879-a2b1-5edb74b3e7c6":{"type":"fbt","settings":{}},"3f7d416a-1acc-4807-845a-a90b79a879f9":{"type":"complementary","settings":{"block_heading":"Complementary products","make_collapsible_row":true,"icon":"price_tag","product_list_limit":10,"products_per_page":4}}},"block_order":["5bd39864-5b2d-4ea2-8f73-5f50abdc2a17","title","judge_me_reviews_preview_badge_6qaDcb","bcddc1ff-b68c-4e0b-992f-5cee1c432000","caption","price","ff6ad440-5f23-4eda-b2dc-a0b3e665311b","ac8dc943-c308-423f-90c3-adea0b3a487e","7fc556c7-f815-4fd8-b219-f78a53af198f","4c6c3629-d7b7-42eb-bd05-e2189e5f2c29","52794bcc-295b-4f22-af16-704f37c9ded7","variant_picker","381e9805-2b9d-4e45-99ce-2a5f748ed6af","f2453734-fb3d-479b-bbfd-0f710967559f","68863399-17f6-4e5b-8b56-6ef125ef3168","23fc8ca2-22ab-4803-9f12-37a2242738b7","97cd7923-6244-47f8-9e3e-fff6bc433af4","description","collapsible-row-1","fba18659-f515-470a-ad98-83721b6d8b37","006ee37f-0339-457e-9213-3cb0370a9dbd","5937dc9c-2e5b-44fc-9ff5-65c78e99c637","d2a11c76-c4dc-4761-829b-b40ee5dca77a","02ccba60-056d-4879-a2b1-5edb74b3e7c6","3f7d416a-1acc-4807-845a-a90b79a879f9"],"settings":{"page_full_width":false,"page_full_width_spacing":false,"enable_sticky_info":true,"enable_product_zoom":"zoom","gallery_layout":"thumbnail","stacked_column_alignment":"two","media_size":"small","meta_style":"full-width","hide_variants":false,"enable_video_looping":false,"tab_position":"bottom","tab_style":"tab","show_wishlist":true,"show_review_tab":false,"rating_script":"","enable_sticky_bar":true,"sidebar_settings":"sidebar-left","show_menu":true,"menu_title":"Category","linklist":"main-menu","show_image":false,"sidebar_title":"shopping","sidebar_button":"Shop Now","sidebar_link":"\/","show_collection":true,"collection_title":"Featured products","collection":"fit-wear","collection_limit":3,"show_carousel":false,"carousel_title":"Featured items","iconwithtext":"","heading_1":"","heading_1_text":"","heading_2":"","heading_2_text":"","heading_3":"","heading_3_text":"","html":"","enable_enquiry":true,"enquiry_image":"shopify:\/\/shop_images\/Group_25167.png","padding_top":150,"padding_bottom":50,"display_back_in_stock":false,"notify_text":"","notify_error":"","show_adv_product":true,"choose_label":"Related Accessories","prev_next_products":true,"show_share":true,"share_label":"Share","show_quantity_selector":true}},"1706522391bcb44329":{"type":"apps","blocks":{"judge_me_reviews_review_widget_NFaFW4":{"type":"shopify:\/\/apps\/judge-me-reviews\/blocks\/review_widget\/61ccd3b1-a9f2-4160-9fe9-4fec8413e5d8","settings":{}}},"block_order":["judge_me_reviews_review_widget_NFaFW4"],"settings":{"include_margins":true}},"product-recommendations":{"type":"product-recommendations","settings":{"page_full_width":false,"page_full_width_spacing":false,"heading":"Recommended Products","heading_size":"h2","products_to_show":6,"desktop_column":5,"laptop_column":3,"tablet_column":2,"mobile_column":1,"centered_slide":false,"swiper_pagination":false,"swiper_navigation":true,"auto_play":0,"swipe_on_mobile":true,"arrow_on_mobile":true,"color_scheme":"background-1","image_ratio":"square","show_secondary_image":true,"show_vendor":false,"show_rating":false,"padding_top":0,"padding_bottom":50}}},"order":["2246be81-f016-4af3-a46e-0b3d46f7e978","main","1706522391bcb44329","product-recommendations"]}