{"sections":{"760e2f6c-e34c-43e6-8412-ba8f314f7d10":{"type":"breadcrumb","settings":{"page_full_width":false,"page_full_width_spacing":false,"use_breadcrumb_title":true,"breadcrumb_style":"center","image_overlay_opacity":40,"color_scheme":"background-1","padding_top":100,"padding_bottom":100}},"main":{"type":"main-product","blocks":{"title":{"type":"title","settings":{}},"7629bbc4-bda7-447e-9589-090e9c42de01":{"type":"rating","settings":{}},"ca38c590-293b-4bbf-907f-2deb63ac1ed7":{"type":"fake_sales","settings":{"minqty":20,"maxqty":30,"item_sold":"Sold","products":"Products in last","hours":"Hours"}},"price":{"type":"price","settings":{}},"caption":{"type":"text","settings":{"text":"Nunc vehicula quam semper odio varius tincidunt. Vestibulum ante ipsum primis in faucibus orci luctus et ultrices posue.","text_style":"body"}},"2094c417-98ea-438d-99b0-7945594073c5":{"type":"sku","settings":{}},"76995a0d-b1f0-4695-90cf-00c745acb511":{"type":"vendor","settings":{}},"9af542f9-e8f5-4da9-9303-24803ab524b8":{"type":"type","settings":{}},"5275cc87-8aff-4a51-90f6-de76c76f8ca5":{"type":"variant_picker","settings":{"picker_type":"button","picker_method":"custom_color"}},"debc2c53-f381-4b91-b9b1-b1eacbe8bfcf":{"type":"quantity_selector","settings":{}},"buy_buttons":{"type":"buy_buttons","settings":{"show_dynamic_checkout":true,"show_gift_card_recipient":true}},"description":{"type":"description","settings":{}},"0abb8316-c09d-415b-818d-e6c194d2d9a8":{"type":"collapsible_tab","settings":{"heading":"Shipping Information","icon":"none","content":"","page":"shipping-information"}}},"block_order":["title","7629bbc4-bda7-447e-9589-090e9c42de01","ca38c590-293b-4bbf-907f-2deb63ac1ed7","price","caption","2094c417-98ea-438d-99b0-7945594073c5","76995a0d-b1f0-4695-90cf-00c745acb511","9af542f9-e8f5-4da9-9303-24803ab524b8","5275cc87-8aff-4a51-90f6-de76c76f8ca5","debc2c53-f381-4b91-b9b1-b1eacbe8bfcf","buy_buttons","description","0abb8316-c09d-415b-818d-e6c194d2d9a8"],"settings":{"page_full_width":false,"page_full_width_spacing":false,"enable_sticky_info":true,"enable_product_zoom":"zoom","gallery_layout":"thumbnail","stacked_column_alignment":"two","thumb_carousel_layout":"thumbnail_slider_right","media_size":"large","meta_style":"full-width","hide_variants":false,"enable_video_looping":false,"tab_position":"bottom","tab_style":"tab","show_wishlist":true,"show_review_tab":true,"rating_script":"<div id=\"shopify-product-reviews\" data-id=\"{{product.id}}\">{{ product.metafields.spr.reviews }}<\/div>","enable_sticky_bar":true,"sidebar_settings":"no-sidebar","show_menu":true,"menu_title":"Heading","linklist":"main-menu","show_image":true,"sidebar_title":"shopping","sidebar_button":"Shop Now","sidebar_link":"\/","show_collection":true,"collection_title":"Heading","collection":"dummy-collection1","collection_limit":5,"show_carousel":false,"carousel_title":"Heading","iconwithtext":"Heading","heading_1":"Heading","heading_1_text":"Text","heading_2":"Heading","heading_2_text":"Text","heading_3":"Heading","heading_3_text":"Text","html":"","enable_enquiry":true,"enquiry_image":"shopify:\/\/shop_images\/Group_25167.png","padding_top":0,"padding_bottom":20,"display_back_in_stock":true,"notify_text":"","notify_error":"","show_adv_product":true,"choose_label":"Choose style","prev_next_products":false,"show_share":true,"share_label":"Share","show_quantity_selector":true}},"product-recommendations":{"type":"product-recommendations","settings":{"page_full_width":false,"page_full_width_spacing":false,"heading":"Recommended Products","heading_size":"h2","products_to_show":4,"desktop_column":4,"laptop_column":4,"tablet_column":3,"mobile_column":1,"centered_slide":false,"swiper_pagination":false,"swiper_navigation":false,"auto_play":0,"swipe_on_mobile":false,"arrow_on_mobile":false,"color_scheme":"background-1","image_ratio":"square","show_secondary_image":true,"show_vendor":false,"show_rating":true,"padding_top":50,"padding_bottom":0}},"recent-products":{"type":"recent-products","settings":{"heading":"Recently Viewed"}}},"order":["760e2f6c-e34c-43e6-8412-ba8f314f7d10","main","product-recommendations","recent-products"]}