{"sections":{"641298e7-6b8e-494c-b40b-aee5a489a9fa":{"type":"breadcrumb","settings":{"page_full_width":false,"page_full_width_spacing":false,"use_breadcrumb_title":true,"breadcrumb_style":"center","image_overlay_opacity":40,"color_scheme":"background-1","padding_top":100,"padding_bottom":100}},"main":{"type":"main-product","blocks":{"title":{"type":"title","settings":{}},"3f1c25c6-e6e0-49f1-b3be-4bd9a317b48b":{"type":"rating","settings":{}},"9f7038d1-0095-496b-89d2-b235ed12626f":{"type":"fake_sales","settings":{"minqty":20,"maxqty":30,"item_sold":"Sold","products":"Products in last","hours":"Hours"}},"caption":{"type":"text","settings":{"text":"Nunc vehicula quam semper odio varius tincidunt. Vestibulum ante ipsum primis in faucibus orci luctus et ultrices posue.","text_style":"body"}},"price":{"type":"price","settings":{}},"d2b53275-ef11-4a39-bb80-a125530a85bb":{"type":"sku","settings":{}},"8600c509-bcc6-4187-8ea6-41396236ee96":{"type":"vendor","settings":{}},"653ae74d-a393-4553-a658-7a742fdce944":{"type":"type","settings":{}},"3b99fc74-e809-4c36-a77c-8c4a5ae2a73f":{"type":"deal","settings":{}},"6139e417-d0b1-49e1-85a1-cd7d63cd843b":{"type":"sub_total","settings":{}},"variant_picker":{"type":"variant_picker","settings":{"picker_type":"button","picker_method":"custom_color"}},"0b4dace8-c3b5-4684-ad12-a78e68303a77":{"type":"size-popup","settings":{"text":"Size Guide","page":"size-chart"}},"buy_buttons":{"type":"buy_buttons","settings":{"show_dynamic_checkout":true,"show_gift_card_recipient":true}},"9335ac56-d1a2-43c1-9ffa-778b33c67ee3":{"type":"fake_visitors","settings":{"text":"People are viewing this right now","min_count":10,"max_count":130}},"description":{"type":"description","settings":{}},"collapsible-row-1":{"type":"collapsible_tab","settings":{"heading":"Shipping Information","icon":"truck","content":"","page":"shipping-information"}},"c2f8bee1-363b-4374-8080-10fea30ed909":{"type":"badge","disabled":true,"settings":{"badge_label":"100% Secured Payment"}},"ce4a7b36-eced-4c47-9845-be8b83c5a4bd":{"type":"notify-form","disabled":true,"settings":{}}},"block_order":["title","3f1c25c6-e6e0-49f1-b3be-4bd9a317b48b","9f7038d1-0095-496b-89d2-b235ed12626f","caption","price","d2b53275-ef11-4a39-bb80-a125530a85bb","8600c509-bcc6-4187-8ea6-41396236ee96","653ae74d-a393-4553-a658-7a742fdce944","3b99fc74-e809-4c36-a77c-8c4a5ae2a73f","6139e417-d0b1-49e1-85a1-cd7d63cd843b","variant_picker","0b4dace8-c3b5-4684-ad12-a78e68303a77","buy_buttons","9335ac56-d1a2-43c1-9ffa-778b33c67ee3","description","collapsible-row-1","c2f8bee1-363b-4374-8080-10fea30ed909","ce4a7b36-eced-4c47-9845-be8b83c5a4bd"],"settings":{"page_full_width":true,"page_full_width_spacing":true,"enable_sticky_info":true,"enable_product_zoom":"zoom","gallery_layout":"thumbnail","stacked_column_alignment":"two","thumb_carousel_layout":"thumbnail_slider_right","media_size":"large","meta_style":"full-width","hide_variants":false,"enable_video_looping":false,"tab_position":"bottom","tab_style":"tab","show_wishlist":true,"show_review_tab":true,"rating_script":"<div id=\"shopify-product-reviews\" data-id=\"{{product.id}}\">{{ product.metafields.spr.reviews }}<\/div>","enable_sticky_bar":true,"sidebar_settings":"sidebar-left","show_menu":true,"menu_title":"Category","linklist":"categoires","show_image":false,"sidebar_title":"shopping","sidebar_button":"Shop Now","sidebar_link":"\/","show_collection":true,"collection_title":"New Arrival","collection":"bundle-7997261578538","collection_limit":5,"show_carousel":false,"carousel_title":"","iconwithtext":"","heading_1":"","heading_1_text":"","heading_2":"","heading_2_text":"Text","heading_3":"","heading_3_text":"","html":"","enable_enquiry":true,"enquiry_image":"shopify:\/\/shop_images\/Group_25167.png","padding_top":0,"padding_bottom":20,"display_back_in_stock":true,"notify_text":"","notify_error":"","show_adv_product":true,"choose_label":"Choose style","prev_next_products":false,"show_share":true,"share_label":"Share","show_quantity_selector":true}},"product-recommendations":{"type":"product-recommendations","settings":{"page_full_width":true,"page_full_width_spacing":true,"heading":"Recommended Products","heading_size":"h2","products_to_show":4,"desktop_column":4,"laptop_column":4,"tablet_column":3,"mobile_column":1,"centered_slide":false,"swiper_pagination":false,"swiper_navigation":false,"auto_play":0,"swipe_on_mobile":false,"arrow_on_mobile":false,"color_scheme":"background-1","image_ratio":"square","show_secondary_image":true,"show_vendor":false,"show_rating":true,"padding_top":50,"padding_bottom":0}},"recent-products":{"type":"recent-products","settings":{"heading":"Recently Viewed"}}},"order":["641298e7-6b8e-494c-b40b-aee5a489a9fa","main","product-recommendations","recent-products"]}