{"sections":{"6c3c9a46-be1f-476c-b104-960eeffd7c8b":{"type":"breadcrumb","settings":{"page_full_width":false,"page_full_width_spacing":false,"use_breadcrumb_title":true,"breadcrumb_style":"center","image_overlay_opacity":40,"color_scheme":"background-1","padding_top":100,"padding_bottom":100}},"main":{"type":"main-product","blocks":{"title":{"type":"title","settings":{}},"046e7c34-a6b7-476d-8c05-d1d5c5e692eb":{"type":"rating","settings":{}},"8968f9a4-055c-4d45-b65e-dcaf6d96adf6":{"type":"fake_sales","settings":{"minqty":20,"maxqty":30,"item_sold":"Sold","products":"In Last","hours":"Hours"}},"caption":{"type":"text","settings":{"text":"Nunc vehicula quam semper odio varius tincidunt. Vestibulum ante ipsum primis in faucibus orci luctus et ultrices posue.","text_style":"body"}},"price":{"type":"price","settings":{}},"fdba4bc8-d96b-48b5-ae76-c275126fb6d2":{"type":"sku","settings":{}},"93c4c025-0796-4c8a-9573-7406c7b16323":{"type":"vendor","settings":{}},"47d96578-43b5-457b-9447-361dc715dbf2":{"type":"type","settings":{}},"variant_picker":{"type":"variant_picker","settings":{"picker_type":"button","picker_method":"custom_color"}},"d3047e97-a962-4871-9b1a-ed0202fe7457":{"type":"size-popup","settings":{"text":"Size Guide","page":"size-chart"}},"quantity_selector":{"type":"quantity_selector","settings":{}},"68863399-17f6-4e5b-8b56-6ef125ef3168":{"type":"Html_c","settings":{"html":"<p class=\"delivery\"><svg xmlns=\"http:\/\/www.w3.org\/2000\/svg\" width=\"38.197\" height=\"21.5\" viewbox=\"0 0 38.197 21.5\">\n  <g id=\"Group_25127\" data-name=\"Group 25127\" transform=\"translate(-1083.836 -1161.835)\">\n    <path id=\"Path_54444\" data-name=\"Path 54444\" d=\"M76.155,6.988H95.1a.132.132,0,0,1,.132.132V23.868\" transform=\"translate(1014.583 1155.597)\" fill=\"none\" stroke=\"currentColor\" stroke-linecap=\"round\" stroke-width=\"1.5\"><\/path>\n    <line id=\"Line_317\" data-name=\"Line 317\" x1=\"4.357\" transform=\"translate(1090.739 1179.465)\" fill=\"none\" stroke=\"currentColor\" stroke-linecap=\"round\" stroke-width=\"1.5\"><\/line>\n    <line id=\"Line_318\" data-name=\"Line 318\" x1=\"11.098\" transform=\"translate(1101.294 1179.465)\" fill=\"none\" stroke=\"currentColor\" stroke-linecap=\"round\" stroke-width=\"1.5\"><\/line>\n    <path id=\"Path_54445\" data-name=\"Path 54445\" d=\"M291.733,32.235h6.362a.4.4,0,0,1,.338.188l4.479,7.216a1.261,1.261,0,0,1,.19.665v5.1a1.46,1.46,0,0,1-1.46,1.46h-1.3\" transform=\"translate(818.182 1132.596)\" fill=\"none\" stroke=\"currentColor\" stroke-linecap=\"round\" stroke-width=\"1.5\"><\/path>\n    <circle id=\"Ellipse_200\" data-name=\"Ellipse 200\" cx=\"3.068\" cy=\"3.068\" r=\"3.068\" transform=\"translate(1112.393 1176.449)\" fill=\"none\" stroke=\"currentColor\" stroke-linecap=\"round\" stroke-width=\"1.5\"><\/circle>\n    <path id=\"Path_54446\" data-name=\"Path 54446\" d=\"M131.987,165.909a3.068,3.068,0,1,1-3.068-3.068A3.068,3.068,0,0,1,131.987,165.909Z\" transform=\"translate(969.308 1013.608)\" fill=\"none\" stroke=\"currentColor\" stroke-linecap=\"round\" stroke-width=\"1.5\"><\/path>\n    <path id=\"Path_54447\" data-name=\"Path 54447\" d=\"M340,62.32h-3.635a.293.293,0,0,0-.289.346l.765,4.31a.415.415,0,0,0,.408.341h6.064\" transform=\"translate(777.784 1105.187)\" fill=\"none\" stroke=\"currentColor\" stroke-linecap=\"round\" stroke-width=\"1.5\"><\/path>\n    <line id=\"Line_319\" data-name=\"Line 319\" x2=\"4.116\" transform=\"translate(1086.602 1165.636)\" fill=\"none\" stroke=\"currentColor\" stroke-linecap=\"round\" stroke-width=\"1.5\"><\/line>\n    <line id=\"Line_320\" data-name=\"Line 320\" x2=\"4.389\" transform=\"translate(1088.04 1169.229)\" fill=\"none\" stroke=\"currentColor\" stroke-linecap=\"round\" stroke-width=\"1.5\"><\/line>\n    <line id=\"Line_321\" data-name=\"Line 321\" x2=\"5.754\" transform=\"translate(1086.714 1176.415)\" fill=\"none\" stroke=\"currentColor\" stroke-linecap=\"round\" stroke-width=\"1.5\"><\/line>\n    <line id=\"Line_322\" data-name=\"Line 322\" x2=\"5.88\" transform=\"translate(1084.586 1172.822)\" fill=\"none\" stroke=\"currentColor\" stroke-linecap=\"round\" stroke-width=\"1.5\"><\/line>\n  <\/g>\n<\/svg><span>Estimated delivery:<\/span> 5-7 Days from order date.<\/p>"}},"035e9fdd-aa5f-42b5-995a-8f1e7bbe038d":{"type":"Html_c","settings":{"html":"<p class=\"shipping\"><svg xmlns=\"http:\/\/www.w3.org\/2000\/svg\" width=\"27.969\" height=\"21.5\" viewbox=\"0 0 27.969 21.5\">\n  <g id=\"Group_25129\" data-name=\"Group 25129\" transform=\"translate(-1025.238 -1129.238)\">\n    <rect id=\"Rectangle_8802\" data-name=\"Rectangle 8802\" width=\"26.469\" height=\"20\" rx=\"3\" transform=\"translate(1025.988 1129.988)\" fill=\"none\" stroke=\"currentcolor\" stroke-linecap=\"round\" stroke-width=\"1.5\"><\/rect>\n    <line id=\"Line_323\" data-name=\"Line 323\" x2=\"26.469\" transform=\"translate(1025.988 1134.55)\" fill=\"none\" stroke=\"currentcolor\" stroke-linecap=\"round\" stroke-width=\"1.5\"><\/line>\n    <line id=\"Line_324\" data-name=\"Line 324\" x2=\"12.4\" transform=\"translate(1031.041 1138.374)\" fill=\"none\" stroke=\"currentcolor\" stroke-linecap=\"round\" stroke-width=\"1.5\"><\/line>\n    <line id=\"Line_325\" data-name=\"Line 325\" x2=\"16.364\" transform=\"translate(1031.041 1142.115)\" fill=\"none\" stroke=\"currentcolor\" stroke-linecap=\"round\" stroke-width=\"1.5\"><\/line>\n    <line id=\"Line_326\" data-name=\"Line 326\" x2=\"13.721\" transform=\"translate(1031.041 1145.855)\" fill=\"none\" stroke=\"currentcolor\" stroke-linecap=\"round\" stroke-width=\"1.5\"><\/line>\n  <\/g>\n<\/svg><span>Free Shipping &amp; Returns:<\/span> On orders above $79<\/p>"}},"buy_buttons":{"type":"buy_buttons","settings":{"show_dynamic_checkout":true,"show_gift_card_recipient":true}},"description":{"type":"description","settings":{}},"collapsible-row-1":{"type":"collapsible_tab","settings":{"heading":"Shipping Information","icon":"truck","content":"","page":"shipping-information"}}},"block_order":["title","046e7c34-a6b7-476d-8c05-d1d5c5e692eb","8968f9a4-055c-4d45-b65e-dcaf6d96adf6","caption","price","fdba4bc8-d96b-48b5-ae76-c275126fb6d2","93c4c025-0796-4c8a-9573-7406c7b16323","47d96578-43b5-457b-9447-361dc715dbf2","variant_picker","d3047e97-a962-4871-9b1a-ed0202fe7457","quantity_selector","68863399-17f6-4e5b-8b56-6ef125ef3168","035e9fdd-aa5f-42b5-995a-8f1e7bbe038d","buy_buttons","description","collapsible-row-1"],"settings":{"page_full_width":true,"page_full_width_spacing":true,"enable_sticky_info":true,"enable_product_zoom":"zoom","gallery_layout":"thumbnail","stacked_column_alignment":"two","thumb_carousel_layout":"thumbnail_slider_right","media_size":"large","meta_style":"full-width","hide_variants":false,"enable_video_looping":false,"tab_position":"bottom","tab_style":"tab","show_wishlist":true,"show_review_tab":true,"rating_script":"<div id=\"shopify-product-reviews\" data-id=\"{{product.id}}\">{{ product.metafields.spr.reviews }}<\/div>","enable_sticky_bar":true,"sidebar_settings":"sidebar-right","show_menu":true,"menu_title":"Category","linklist":"categoires","show_image":true,"sidebar_title":"New Arrivals","sidebar_button":"Shop Now","sidebar_link":"shopify:\/\/collections\/demo-shop-5-column","show_collection":true,"collection_title":"Best Sellers","collection":"bundle-7997261578538","collection_limit":3,"show_carousel":false,"carousel_title":"","iconwithtext":"","heading_1":"","heading_1_text":"","heading_2":"","heading_2_text":"","heading_3":"","heading_3_text":"","html":"","enable_enquiry":true,"enquiry_image":"shopify:\/\/shop_images\/Group_25167.png","padding_top":0,"padding_bottom":20,"display_back_in_stock":false,"notify_text":"","notify_error":"","show_adv_product":false,"choose_label":"Choose style","prev_next_products":false,"show_share":true,"share_label":"Share","show_quantity_selector":true}},"product-recommendations":{"type":"product-recommendations","settings":{"page_full_width":true,"page_full_width_spacing":true,"heading":"Recommended Products","heading_size":"h2","products_to_show":4,"desktop_column":4,"laptop_column":4,"tablet_column":3,"mobile_column":1,"centered_slide":false,"swiper_pagination":false,"swiper_navigation":false,"auto_play":0,"swipe_on_mobile":false,"arrow_on_mobile":false,"color_scheme":"background-1","image_ratio":"square","show_secondary_image":true,"show_vendor":false,"show_rating":true,"padding_top":50,"padding_bottom":0}},"recent-products":{"type":"recent-products","settings":{"heading":"Recently Viewed"}}},"order":["6c3c9a46-be1f-476c-b104-960eeffd7c8b","main","product-recommendations","recent-products"]}