{"sections":{"c8d4acef-3118-4396-be03-7ae053b9aec0":{"type":"breadcrumb","settings":{"page_full_width":false,"page_full_width_spacing":false,"use_breadcrumb_title":true,"breadcrumb_style":"center","image_overlay_opacity":40,"color_scheme":"background-1","padding_top":100,"padding_bottom":100}},"main":{"type":"main-product","blocks":{"title":{"type":"title","settings":{}},"381e9c27-3ab9-4f6c-a43c-5d4ff06eb9a0":{"type":"rating","settings":{}},"9f1f5f79-6c56-484a-9c02-138e29ea7c49":{"type":"fake_sales","settings":{"minqty":20,"maxqty":30,"item_sold":"Sold","products":"In Last","hours":"Hours"}},"caption":{"type":"text","settings":{"text":"Nunc vehicula quam semper odio varius tincidunt. Vestibulum ante ipsum primis in faucibus orci luctus et ultrices posue.","text_style":"body"}},"price":{"type":"price","settings":{}},"e05e84c7-51a8-4469-8faa-6ab9773c7fdd":{"type":"sku","settings":{}},"5176643f-35ec-411e-9ab6-85f18a4d60f5":{"type":"vendor","settings":{}},"52035657-0296-445b-af98-40d7a5ad2297":{"type":"type","settings":{}},"26ccb946-1001-4ec1-aa02-fb43867d07a5":{"type":"deal","settings":{}},"variant_picker":{"type":"variant_picker","settings":{"picker_type":"button","picker_method":"variant_image"}},"95c92208-b733-420a-920a-5f1d15a11ebd":{"type":"size-popup","settings":{"text":"Size Guide","page":"size-chart"}},"quantity_selector":{"type":"quantity_selector","settings":{}},"buy_buttons":{"type":"buy_buttons","settings":{"show_dynamic_checkout":true,"show_gift_card_recipient":true}},"description":{"type":"description","settings":{}},"collapsible-row-1":{"type":"collapsible_tab","settings":{"heading":"Shipping Information","icon":"truck","content":"","page":"shipping-information"}},"68863399-17f6-4e5b-8b56-6ef125ef3168":{"type":"Html_c","settings":{"html":"<p class=\"delivery\"><svg xmlns=\"http:\/\/www.w3.org\/2000\/svg\" width=\"38.197\" height=\"21.5\" viewbox=\"0 0 38.197 21.5\">\n  <g id=\"Group_25127\" data-name=\"Group 25127\" transform=\"translate(-1083.836 -1161.835)\">\n    <path id=\"Path_54444\" data-name=\"Path 54444\" d=\"M76.155,6.988H95.1a.132.132,0,0,1,.132.132V23.868\" transform=\"translate(1014.583 1155.597)\" fill=\"none\" stroke=\"currentColor\" stroke-linecap=\"round\" stroke-width=\"1.5\"><\/path>\n    <line id=\"Line_317\" data-name=\"Line 317\" x1=\"4.357\" transform=\"translate(1090.739 1179.465)\" fill=\"none\" stroke=\"currentColor\" stroke-linecap=\"round\" stroke-width=\"1.5\"><\/line>\n    <line id=\"Line_318\" data-name=\"Line 318\" x1=\"11.098\" transform=\"translate(1101.294 1179.465)\" fill=\"none\" stroke=\"currentColor\" stroke-linecap=\"round\" stroke-width=\"1.5\"><\/line>\n    <path id=\"Path_54445\" data-name=\"Path 54445\" d=\"M291.733,32.235h6.362a.4.4,0,0,1,.338.188l4.479,7.216a1.261,1.261,0,0,1,.19.665v5.1a1.46,1.46,0,0,1-1.46,1.46h-1.3\" transform=\"translate(818.182 1132.596)\" fill=\"none\" stroke=\"currentColor\" stroke-linecap=\"round\" stroke-width=\"1.5\"><\/path>\n    <circle id=\"Ellipse_200\" data-name=\"Ellipse 200\" cx=\"3.068\" cy=\"3.068\" r=\"3.068\" transform=\"translate(1112.393 1176.449)\" fill=\"none\" stroke=\"currentColor\" stroke-linecap=\"round\" stroke-width=\"1.5\"><\/circle>\n    <path id=\"Path_54446\" data-name=\"Path 54446\" d=\"M131.987,165.909a3.068,3.068,0,1,1-3.068-3.068A3.068,3.068,0,0,1,131.987,165.909Z\" transform=\"translate(969.308 1013.608)\" fill=\"none\" stroke=\"currentColor\" stroke-linecap=\"round\" stroke-width=\"1.5\"><\/path>\n    <path id=\"Path_54447\" data-name=\"Path 54447\" d=\"M340,62.32h-3.635a.293.293,0,0,0-.289.346l.765,4.31a.415.415,0,0,0,.408.341h6.064\" transform=\"translate(777.784 1105.187)\" fill=\"none\" stroke=\"currentColor\" stroke-linecap=\"round\" stroke-width=\"1.5\"><\/path>\n    <line id=\"Line_319\" data-name=\"Line 319\" x2=\"4.116\" transform=\"translate(1086.602 1165.636)\" fill=\"none\" stroke=\"currentColor\" stroke-linecap=\"round\" stroke-width=\"1.5\"><\/line>\n    <line id=\"Line_320\" data-name=\"Line 320\" x2=\"4.389\" transform=\"translate(1088.04 1169.229)\" fill=\"none\" stroke=\"currentColor\" stroke-linecap=\"round\" stroke-width=\"1.5\"><\/line>\n    <line id=\"Line_321\" data-name=\"Line 321\" x2=\"5.754\" transform=\"translate(1086.714 1176.415)\" fill=\"none\" stroke=\"currentColor\" stroke-linecap=\"round\" stroke-width=\"1.5\"><\/line>\n    <line id=\"Line_322\" data-name=\"Line 322\" x2=\"5.88\" transform=\"translate(1084.586 1172.822)\" fill=\"none\" stroke=\"currentColor\" stroke-linecap=\"round\" stroke-width=\"1.5\"><\/line>\n  <\/g>\n<\/svg><span>Estimated delivery:<\/span> 5-7 Days from order date.<\/p>"}},"e0ca1b15-b5b9-4c45-a2a0-d5c13fefe5bf":{"type":"Html_c","settings":{"html":"<p class=\"shipping\"><svg xmlns=\"http:\/\/www.w3.org\/2000\/svg\" width=\"27.969\" height=\"21.5\" viewbox=\"0 0 27.969 21.5\">\n  <g id=\"Group_25129\" data-name=\"Group 25129\" transform=\"translate(-1025.238 -1129.238)\">\n    <rect id=\"Rectangle_8802\" data-name=\"Rectangle 8802\" width=\"26.469\" height=\"20\" rx=\"3\" transform=\"translate(1025.988 1129.988)\" fill=\"none\" stroke=\"currentcolor\" stroke-linecap=\"round\" stroke-width=\"1.5\"><\/rect>\n    <line id=\"Line_323\" data-name=\"Line 323\" x2=\"26.469\" transform=\"translate(1025.988 1134.55)\" fill=\"none\" stroke=\"currentcolor\" stroke-linecap=\"round\" stroke-width=\"1.5\"><\/line>\n    <line id=\"Line_324\" data-name=\"Line 324\" x2=\"12.4\" transform=\"translate(1031.041 1138.374)\" fill=\"none\" stroke=\"currentcolor\" stroke-linecap=\"round\" stroke-width=\"1.5\"><\/line>\n    <line id=\"Line_325\" data-name=\"Line 325\" x2=\"16.364\" transform=\"translate(1031.041 1142.115)\" fill=\"none\" stroke=\"currentcolor\" stroke-linecap=\"round\" stroke-width=\"1.5\"><\/line>\n    <line id=\"Line_326\" data-name=\"Line 326\" x2=\"13.721\" transform=\"translate(1031.041 1145.855)\" fill=\"none\" stroke=\"currentcolor\" stroke-linecap=\"round\" stroke-width=\"1.5\"><\/line>\n  <\/g>\n<\/svg><span>Free Shipping &amp; Returns:<\/span> On orders above $79<\/p>"}}},"block_order":["title","381e9c27-3ab9-4f6c-a43c-5d4ff06eb9a0","9f1f5f79-6c56-484a-9c02-138e29ea7c49","caption","price","e05e84c7-51a8-4469-8faa-6ab9773c7fdd","5176643f-35ec-411e-9ab6-85f18a4d60f5","52035657-0296-445b-af98-40d7a5ad2297","26ccb946-1001-4ec1-aa02-fb43867d07a5","variant_picker","95c92208-b733-420a-920a-5f1d15a11ebd","quantity_selector","buy_buttons","description","collapsible-row-1","68863399-17f6-4e5b-8b56-6ef125ef3168","e0ca1b15-b5b9-4c45-a2a0-d5c13fefe5bf"],"settings":{"page_full_width":false,"page_full_width_spacing":false,"enable_sticky_info":true,"enable_product_zoom":"zoom","gallery_layout":"thumbnail","stacked_column_alignment":"two","thumb_carousel_layout":"thumbnail_slider_right","media_size":"large","meta_style":"full-width","hide_variants":false,"enable_video_looping":false,"tab_position":"bottom","tab_style":"tab","show_wishlist":true,"show_review_tab":true,"rating_script":"<div id=\"shopify-product-reviews\" data-id=\"{{product.id}}\">{{ product.metafields.spr.reviews }}<\/div>","enable_sticky_bar":false,"sidebar_settings":"no-sidebar","show_menu":true,"menu_title":"Heading","linklist":"main-menu","show_image":true,"sidebar_title":"shopping","sidebar_button":"Shop Now","sidebar_link":"\/","show_collection":true,"collection_title":"Heading","collection":"dummy-collection1","collection_limit":5,"show_carousel":false,"carousel_title":"Heading","iconwithtext":"Heading","heading_1":"Heading","heading_1_text":"Text","heading_2":"Heading","heading_2_text":"Text","heading_3":"Heading","heading_3_text":"Text","html":"","enable_enquiry":true,"enquiry_image":"shopify:\/\/shop_images\/Group_25167.png","padding_top":0,"padding_bottom":20,"display_back_in_stock":true,"notify_text":"","notify_error":"","show_adv_product":true,"choose_label":"Choose style","prev_next_products":false,"show_share":true,"share_label":"Share","show_quantity_selector":true}},"product-recommendations":{"type":"product-recommendations","settings":{"page_full_width":false,"page_full_width_spacing":false,"heading":"Recommended Products","heading_size":"h2","products_to_show":4,"desktop_column":4,"laptop_column":4,"tablet_column":3,"mobile_column":1,"centered_slide":false,"swiper_pagination":false,"swiper_navigation":false,"auto_play":0,"swipe_on_mobile":false,"arrow_on_mobile":false,"color_scheme":"background-1","image_ratio":"square","show_secondary_image":true,"show_vendor":false,"show_rating":true,"padding_top":50,"padding_bottom":0}},"recent-products":{"type":"recent-products","settings":{"heading":"Recently Viewed"}}},"order":["c8d4acef-3118-4396-be03-7ae053b9aec0","main","product-recommendations","recent-products"]}