{"sections":{"8b70ea93-ae89-49db-9f40-63c7785db8ae":{"type":"breadcrumb","settings":{"page_full_width":false,"page_full_width_spacing":false,"use_breadcrumb_title":true,"breadcrumb_style":"center","image_overlay_opacity":40,"color_scheme":"background-1","padding_top":100,"padding_bottom":100}},"main":{"type":"main-product","blocks":{"title":{"type":"title","settings":{}},"f5a3520f-b78d-4d2e-aeb7-c1d45ea4e4bf":{"type":"rating","settings":{}},"63d061ef-6a54-4c3c-a596-3bb5779090dc":{"type":"fake_sales","settings":{"minqty":20,"maxqty":30,"item_sold":"Sold","products":"Products in last","hours":"Hours"}},"caption":{"type":"text","settings":{"text":"Nunc vehicula quam semper odio varius tincidunt. Vestibulum ante ipsum primis in faucibus orci luctus et ultrices posue.","text_style":"body"}},"price":{"type":"price","settings":{}},"2c4d357e-3002-433b-ba71-4239b0480e78":{"type":"sku","settings":{}},"99d5448c-dd8f-4b06-87af-2f251ae15349":{"type":"vendor","settings":{}},"7ce8e2e3-a267-48ed-b38b-a14e9071012a":{"type":"type","settings":{}},"7424a6fc-a8ad-4d37-b724-2e76fc4c122e":{"type":"variant_picker","settings":{"picker_type":"button","picker_method":"custom_color"}},"6952a241-7e57-478c-9ef3-4f59dcbf3361":{"type":"quantity_selector","settings":{}},"buy_buttons":{"type":"buy_buttons","settings":{"show_dynamic_checkout":true,"show_gift_card_recipient":true}},"description":{"type":"description","settings":{}},"457fb487-fc6b-4b61-83ed-85e8e349a579":{"type":"collapsible_tab","settings":{"heading":"Shipping Information","icon":"none","content":"","page":"shipping-information"}}},"block_order":["title","f5a3520f-b78d-4d2e-aeb7-c1d45ea4e4bf","63d061ef-6a54-4c3c-a596-3bb5779090dc","caption","price","2c4d357e-3002-433b-ba71-4239b0480e78","99d5448c-dd8f-4b06-87af-2f251ae15349","7ce8e2e3-a267-48ed-b38b-a14e9071012a","7424a6fc-a8ad-4d37-b724-2e76fc4c122e","6952a241-7e57-478c-9ef3-4f59dcbf3361","buy_buttons","description","457fb487-fc6b-4b61-83ed-85e8e349a579"],"settings":{"page_full_width":false,"page_full_width_spacing":false,"enable_sticky_info":true,"enable_product_zoom":"zoom","gallery_layout":"thumbnail","stacked_column_alignment":"two","thumb_carousel_layout":"thumbnail_slider_right","media_size":"large","meta_style":"full-width","hide_variants":false,"enable_video_looping":false,"tab_position":"bottom","tab_style":"tab","show_wishlist":true,"show_review_tab":true,"rating_script":"<div id=\"shopify-product-reviews\" data-id=\"{{product.id}}\">{{ product.metafields.spr.reviews }}<\/div>","enable_sticky_bar":true,"sidebar_settings":"no-sidebar","show_menu":true,"menu_title":"Heading","linklist":"main-menu","show_image":true,"sidebar_title":"shopping","sidebar_button":"Shop Now","sidebar_link":"\/","show_collection":true,"collection_title":"Heading","collection":"dummy-collection1","collection_limit":5,"show_carousel":false,"carousel_title":"Heading","iconwithtext":"Heading","heading_1":"Heading","heading_1_text":"Text","heading_2":"Heading","heading_2_text":"Text","heading_3":"Heading","heading_3_text":"Text","html":"","enable_enquiry":true,"enquiry_image":"shopify:\/\/shop_images\/Group_25167.png","padding_top":0,"padding_bottom":20,"display_back_in_stock":true,"notify_text":"","notify_error":"","show_adv_product":true,"choose_label":"Choose style","prev_next_products":false,"show_share":true,"share_label":"Share","show_quantity_selector":true}},"product-recommendations":{"type":"product-recommendations","settings":{"page_full_width":false,"page_full_width_spacing":false,"heading":"Recommended Products","heading_size":"h2","products_to_show":4,"desktop_column":4,"laptop_column":4,"tablet_column":3,"mobile_column":1,"centered_slide":false,"swiper_pagination":false,"swiper_navigation":false,"auto_play":0,"swipe_on_mobile":false,"arrow_on_mobile":false,"color_scheme":"background-1","image_ratio":"square","show_secondary_image":true,"show_vendor":false,"show_rating":true,"padding_top":50,"padding_bottom":0}},"recent-products":{"type":"recent-products","settings":{"heading":"Recently Viewed"}}},"order":["8b70ea93-ae89-49db-9f40-63c7785db8ae","main","product-recommendations","recent-products"]}